x1,x2,x3,y
0.03125739317906939,-0.576741615974453,1.0,-2.8006705402292895
-0.9075671071000699,0.23471303453981784,0.11391630542178399,-4.125421872843766
-0.35215688664605915,-0.3794124616179064,0.2768210116442873,0.638589384387608
-0.2731185106917975,0.044982607823820686,-0.5326878082497839,0.870302847845166
1.0,-0.013032380692227674,0.26842242350042,5.732666351571021
0.6181696885525174,-0.3118719664405887,0.9584928424614378,-0.9718771049407091
0.6840452299299011,-0.41734146968763985,-0.23232717883375975,1.5275823004635851
-0.43510337519709896,-0.34157685177704367,0.2071180907766268,-0.6209771838997656
-1.0,1.0,0.2420032882604808,4.636493486722259
-0.36519237169300833,-0.9126257325431995,0.9689660830395674,-1.7975437772152083
-1.0,-0.11189785707294608,0.9316045095340924,1.5011700905914191
-0.21838659910719738,0.7249882032824353,-0.22208223840976649,0.8561548526900497
-1.0,-0.02259931246722724,0.2976061751976178,-4.661297916272974
-0.005044489513204686,-0.24639047141587844,-1.0,-3.0795806352830835
0.22949584498433429,1.0,0.11822173779091649,7.134804576965573
0.31086991730761393,0.05395431830549069,-1.0,-2.7152567592596735
-0.14570341457875347,-0.2269625159808335,-0.7496639441827955,0.7429156461356078
1.0,-0.0154768002551251,-0.11188856771622357,5.621741401221773
0.3816057692866788,0.34989213711321465,1.0,2.2535473899150515
0.9817754616203207,0.03380489845378731,1.0,11.928698509058835
0.7336822933497742,0.009959532131972537,1.0,2.876985300987137
0.6079120115839263,-0.3814386858818788,0.7412881258824888,0.6502585009324041
0.428172118462147,-1.0,1.0,-7.967892403487843
-0.6972684262172062,1.0,-0.6909519809484437,3.4965842757831704
-0.011107265807764888,1.0,1.0,13.165602549280376
-0.6716546386911615,-0.3495451077957965,0.1150739641558356,1.448392884663465
0.8609801565714006,0.08372491946321325,-0.9868533027826083,1.8880447415897645
-0.7368571850849843,0.1468801171693297,0.5411397147774841,-1.7275345180752184
0.054743814096329224,-1.0,-0.04173738719465381,1.7966704223480239
-0.30530899006272016,-0.7138095040502968,-0.8996061464955569,-3.267818334881598
-0.09432052215222497,1.0,-0.35894692718382504,9.43933797591148
0.028325295494400216,-0.5965586869366466,-0.2356523242610613,1.2861060590295976
-0.22761098831338233,0.07995456923625666,0.39055923730638953,0.23614142601840293
0.7476641168600455,-1.0,-1.0,-26.498188760519515
0.02837161619979356,0.5659308676475141,0.02647299684896942,0.7416039859992165
0.3095145111113411,1.0,0.10564967966552175,8.014750936916364
-0.060958515074965414,0.18089575233265398,0.4438462483457086,-0.31352905974179945
1.0,-1.0,-1.0,-29.977133353486163
1.0,-1.0,0.6425415935068712,-6.523305380778435
-0.4482041739233944,0.40062773658912176,0.039459845924080916,-0.31210534130361667
-0.5586771149818475,-1.0,-0.26507173808530005,4.4396198448762
1.0,-1.0,-0.6318263451406805,-13.148586627754655
0.6249621490699082,0.03796710539322623,-0.16420655369741177,0.9599457378709292
0.14614553114227036,1.0,0.3195690561767017,7.721262376647968
-0.029491204651147518,-0.40858378776847504,0.6567088164149895,0.10012675108093178
-0.9937728852404057,-0.542631167962575,0.015437712277625693,-0.31033763554849597
0.8792617753856615,-0.25101445067756734,0.30992668138168855,3.283496330346616
-0.3912572450552325,0.7368818940265243,1.0,7.573926805475385
0.13433126203611434,-0.21379022258242042,-0.17153936276060544,1.5414164150238832
-0.7471989677531503,1.0,-1.0,2.5080320818693465
-1.0,0.16659201893423847,-0.7431690210195929,2.2664892059646964
1.0,1.0,-0.8867905513670722,33.48450207436843
-1.0,-0.16763383233904516,-0.6973344925596217,0.1689824156757644
-0.28636054257909715,-1.0,-0.8603485586575987,-7.978254956556947
0.275460177584244,-0.24252024839791297,0.10115650867816517,0.9257038675786824
-1.0,-0.6237655403842157,0.274664834216388,1.0557677644768926
-1.0,0.033912673361913726,1.0,2.9249098493595422
-0.5198053840355079,-0.8652706075312124,0.7461037037738434,2.0496958273192374
0.4963933151028763,-0.6738739041272421,-1.0,-8.955655555607398
0.5809962951019987,-0.2604447981046387,-0.27725276280895583,1.7294214603757552
-1.0,0.695628863899195,0.558197580970248,-4.033771947845965
1.0,-0.09228898984721812,-0.9848460172735722,7.46051628356956
0.2848724144699972,-0.012849194171410616,0.15260735895302235,0.587870767727346
0.010270644063229417,0.10915804060662793,-0.08099807589382002,0.11090761118341824
-0.16269320860579106,0.8218638823375848,1.0,8.170011579438762
0.24130739970907644,0.7349839259361528,0.799263379003456,3.05327463306896
-0.6981757608301651,-0.24711920181808633,-0.25284132803493486,0.5464020960161847
-0.9036394340499718,0.680022807157102,-1.0,9.713214043063267
-0.6967767765476458,-0.7077828375268223,-1.0,-1.5264008060996361
0.30974756507733625,0.5991841711151515,0.6191431302886734,1.1633192856910484
0.2644660410948554,-1.0,0.38260932009130055,1.162411828507357
-0.3671822903069504,0.7365832784709341,0.14313077368416938,-0.31083682544570035
0.983750288164593,0.6094065738323104,0.6082072785413286,10.758867335781213
-0.03569045705548368,-0.6497121921348386,0.4071081747111378,0.19559912767731924
1.0,-0.3430748856294987,0.5840755165775346,6.069218943546002
0.013711651758181231,0.10922445009110926,-0.5510004088436238,0.786635888012338
-0.49941618438539725,-0.25503384273001606,0.24326733681597745,-0.685872757997359
-0.23646568487147013,0.01382540896501605,0.35003638888841593,-0.6610905523855527
-1.0,0.29219921997822507,0.8103429449721209,-1.9340162601879265
1.0,0.22460850462051107,0.059825039605097885,5.934592933994159
-0.7726297916608316,-0.41004954035531993,0.1847007457738703,0.082992820386046
-0.6875561149337559,-0.41677568433976386,1.0,1.983078770972989
1.0,-0.05183746284999957,0.6601293435253555,7.80725434960195
0.6195325466150428,-0.09649853264666652,-0.9373701112734032,-1.2270271206148817
0.9319032670668748,0.5009873758201935,-1.0,7.987859494450109
0.43725834368830285,-0.14677344613098353,0.6497991684282054,0.5601410064665787
0.13461449113044877,-1.0,0.6392334542781319,-0.9329150764145802
1.0,-1.0,-1.0,-29.31394329927814
0.7937559868522697,0.17677745786193988,-1.0,0.6622184640510347
1.0,-1.0,-1.0,-30.11837519432629
0.0676199253206653,-1.0,0.6579700285569787,-0.737528010316034
0.455120091196356,-0.5565095967392106,0.9980765694716796,-3.146588833813577
0.6438013438529642,-1.0,0.06356367827183007,-1.5826963451600609
0.3502760722685869,1.0,-0.7867652211168565,10.81667066908784
0.3041482350416109,1.0,-0.9224194201884679,8.958322370054692
-0.8568284901064505,-1.0,-0.7048653676473016,2.766359507838052
1.0,1.0,0.27128452259185787,14.178866544276447
-1.0,-0.9051848097305988,-0.4803101772852927,3.6933950268245135
-0.7282904771101291,0.8716411155945603,-1.0,0.08520990295064801
0.42097014758605433,0.9138919412853872,0.676155586237962,6.05018409937353
-0.1219595291488873,0.33181915447345545,1.0,2.599108340691094
-0.3711464811946028,-0.4099376449843768,-1.0,-2.2449433742810605
0.202193864014518,1.0,-0.07780951414704851,8.757198336417005
0.24116961514272384,0.04495951499761075,0.6265772528416504,0.8135030457957879
0.2329545880443762,-0.04607974867466136,1.0,-0.6046407679640523
-0.0020720704616385976,0.593505767401791,-0.1195182627592255,0.9078550981946754
1.0,0.9800018184155159,-0.2691022444158131,15.268838212988022
-1.0,-0.7299036721359089,1.0,14.81389760441638
-1.0,-0.09336183778041485,-0.7619985945919225,1.3785861017307826
0.37079381993635696,0.22899025556598862,-0.33636366055642575,1.530436697773589
-0.7798100323306272,0.8878537665780137,-0.14716782217530433,0.3650207893849758
-0.41166975266249484,-0.24916038112512506,-0.28511291412828865,1.0074642266037002
-0.07989136213443682,1.0,-0.4666255372336823,9.345429401122999
0.4572408532834884,-0.7230688915094614,0.24791255534864698,1.3590916675834024
-0.896333456819234,0.15373080817780238,-0.029494839825024544,-2.7978523269847395
0.7224289417144991,-0.06610875395226357,0.23558033763716923,1.948937123501516
-0.976352959540483,-0.40987859163767815,-1.0,5.939498395706667
-0.571325771365288,-0.18702603776541715,-0.24835797201685272,-0.45537698193813386
0.7203640523750447,0.6862247275078166,-1.0,0.26510778685562586
-0.15920978086954807,0.5547431700843539,0.10687950017733638,0.19107527287833787
0.2938078345281234,-1.0,0.28270889504314245,0.9443799333466152
0.669214116437554,-0.7883120444815239,0.4123696419654046,0.5207004078178361
-0.09071288077532946,0.35792689530190436,1.0,3.035811996174021
-0.12329526779330102,-1.0,-1.0,-15.87566792099376
-0.5686464352996103,-0.17333403790491664,0.19144099162481032,-0.40747712293534943
-0.5262722808099749,0.37135548051427514,-0.028430233242193736,-1.7276307855935569
0.4056858377967414,0.7211745017091828,0.5963594657977296,2.8563613885773473
-1.0,0.9373257791048584,1.0,15.672276252642549
-1.0,1.0,-0.2138132665394028,10.178778037833506
0.7344273486663591,0.7112233530724223,0.888403310604871,7.285223554174056
1.0,-0.22618610519608828,1.0,8.841363368829281
0.38590840324915043,-0.10706789220170454,-0.0308253325414376,0.8445844203781416
-0.1672538077883543,-0.09329667992015556,0.8572964770833276,-0.6780568151209564
0.5830248386601724,0.6289319654429835,0.4136087487412534,2.247774865244881
0.7723976831636135,0.5848881150940821,0.40452591075847044,3.1383656565502407
0.3272545282627024,0.27812427236201964,0.48465014669173545,0.4815160225876228
-0.5324975972375598,-1.0,0.5336802999293062,2.1158801941792698
-0.5023360099781187,-0.795376456687795,0.2592789956093986,1.8147624013340313
0.7229502975796425,0.652586791634709,-0.3649309924581807,2.205389176087012
0.020138322232623906,-0.8447171138256011,-0.22244440289345646,1.9161479718766739
0.9188182875444206,0.7937223861742733,0.1630647259903395,6.881837311231022
-0.177737497743228,0.6484868609772232,1.0,5.949273529735857
-0.3485582781697081,-1.0,0.13443074090214724,3.302064822038511
-0.16481659739346233,0.004563255883480277,0.64976200880615,-0.8726274031988956
-0.4262554834452734,-0.6314045993510213,1.0,0.8295926224039154
-0.19140975006390626,0.3055709740578634,1.0,2.3914300113859843
0.9778839837409568,0.03904023014262026,1.0,12.015263251032128
-0.6068557930456631,0.14721564289065792,-0.29281484079666886,-0.1910179261633872
0.29772260558828867,0.22427886592931467,0.7250153215274928,0.6715802781510385
-0.12611391137818462,-1.0,-0.2959885715083155,2.334372055219677
0.057596621172315565,-0.3102356812302163,-0.9093206072009468,-1.269409583626272
1.0,1.0,-0.5666849080159098,22.984241668562383
-0.5626390617476651,0.9025883718286023,0.8813469751549907,7.136162925996602
-1.0,0.436787659053415,-0.5184272569092603,0.5531699834804028
0.4186963783956894,0.784019620981659,-0.14639041552286458,2.979949077531556
0.16390731937726688,-1.0,-0.05757936893486959,1.3346731436817236
0.5274782989420215,-0.7421468973469598,-0.42569859156620016,1.3198618993286844
0.1675730337696264,0.8928993524581175,1.0,9.628219830607042
-0.5437154214801594,-0.5275957092211734,0.81318765838111,-0.04767791243978703
-0.05275759207999542,0.012145219025225584,-1.0,-4.06269953884183
0.07219416521315547,-1.0,-0.70028472230576,-4.731918944354091
1.0,-0.4846467290923828,-1.0,2.024613801926731
-1.0,0.9983569393984781,-0.1740881354629129,9.745357706420037
-0.9231787498933421,-1.0,-0.6613258239131092,3.3679188612521216
0.6358744065869844,-0.8673251112378788,-0.01971328321113819,0.7740405596188926
0.9296889598028679,1.0,-0.7911953814666244,23.298177754397546
0.04457679815636428,-0.9451878655189436,-1.0,-14.484627276075601
0.5040224500225519,0.09540010606973626,-0.21451277539441937,2.0350767480715724
-1.0,-1.0,-0.40702380185353215,5.78898051950423
-0.6281812615934808,-0.31992663658412535,0.43314106997344126,-1.2050765203850966
-0.06601372602520694,1.0,-0.5883929151909919,9.583433407447465
0.5000525725040545,-1.0,-0.4405984035443715,-2.2276586927295456
-0.4314059968328172,-0.08673962453187256,0.9493639967683456,0.26215834386185294
0.6796970904766231,1.0,0.4125759022064035,6.661871404295475
-0.1316796589026623,0.7556588545927194,1.0,7.023182014969785
-0.7448863263499119,0.25760479343345555,-0.3193455133817662,-1.9775897948427317
-0.9250402568048874,0.6922412148534904,-0.1775491669237954,-1.9511276195339118
-1.0,-0.5988271819071884,0.9602700943950764,9.101915940165327
0.35386929554650304,-0.20622985554639017,1.0,-1.5090190488944504
1.0,1.0,-1.0,38.86082622423311
0.9756805750888222,-0.11667272343811153,1.0,8.885013912361558
0.8391239199901805,1.0,0.6944752495244881,10.16654742986681
1.0,-0.7587544845363594,-0.8043667587115095,2.0969153787598875
0.20023779231026606,0.7805287985141494,-1.0,-2.4784202040592556
0.12347393189927813,1.0,-0.0972824317298826,7.541730017341389
-0.11975291520863007,0.3989761011098605,-0.3293264316039608,-0.2683235523601447
-0.19825784046659223,0.07987285993577187,0.30093140658502016,0.3098299366965334
-0.38777379764935715,-0.37346255831513386,0.800481109496006,0.29229926051825206
-0.04493971357668536,-0.8271844175596186,-1.0,-10.660611855935153
-0.6381961460933263,-0.07469693618567308,-0.2269793707570018,0.17720381592165485
1.0,-1.0,-0.6448522708961386,-12.661824996156554
-0.2593937682827634,-0.4653488123996401,1.0,-0.43339699663541875
0.6423907656630945,-1.0,1.0,-5.825499088569936
-0.002842511649015611,-0.8417334764882032,-0.7222430700676286,-1.826160831237481
-0.7083506592033808,1.0,-0.179069535340872,5.066093025189576
0.2758167593645888,0.10740527568068958,-0.33438794533215366,1.8152971693633848
0.6661007955551774,0.7834014541248795,-1.0,0.8137151828240977
1.0,0.8486892283062888,0.5767934705390907,13.5751023834283
1.0,0.3131722710035867,0.2833381463755731,6.638362891141723
-0.33218378885458,-0.3264488459339523,-0.054584178864976574,0.46044633558029946
1.0,-0.11345114173689441,0.4434315989343247,5.767390991355468
0.9450991890568428,0.43901204531261095,0.9501029179978782,15.294714133780616
-0.12586643833547373,-0.8520887265506143,0.24994642255565025,2.1561233254127474
-1.0,0.3417875521446192,1.0,3.0159588839516163
-0.03951377870752126,-0.2721476457196723,0.36180320332089444,0.3176418286737943
-0.3243014042391117,-1.0,0.14115778019819158,3.502067837508909
-0.7788083095089073,0.5974348216210152,0.302294544230747,-2.3619028967529845
-0.023506029424631425,-0.6979526752529617,-0.2031906093581728,0.8924464632182796
-0.4356168021985294,0.573816494243478,-1.0,-4.407536048842826
0.12454782883290161,1.0,-0.3496287248495804,10.192291124376004
-0.29560095565560296,-0.04904461419621464,-0.4716825064339023,-0.12693160550511473
-0.7260329721865098,0.3920977343242922,0.189631508615137,-2.6999725244437687
1.0,0.1537574158744066,0.059236543608367276,5.069355025414588
-0.6579298493868433,-1.0,-0.542149934278847,1.999055317526779
0.3205164014209787,0.44690441587055774,-0.40250982790711554,0.7924492659162126
-0.16532830084751415,1.0,0.9939614919458395,14.23092343649714
0.00571333165261434,-1.0,-0.6209777260440899,-2.161310966900324
-0.28177144423717393,-1.0,1.0,-4.8867780220682775
-0.2258761492880188,-0.6400305699780588,-1.0,-6.449363706904224
0.009342347687764763,0.10679374787573281,0.28168346249445886,-0.038581028089475944
0.1103589003351857,-0.38487132117456424,1.0,-2.786593333503888
-0.31166919835523355,0.23902216870845172,0.5448300259902226,-0.2195700461302081
-0.10735484239675097,1.0,-0.7282230267896188,9.29059037696945
0.1298452037664688,0.0367973523874523,1.0,-0.3323182418087331
1.0,-0.7473788622620037,-0.6150392061056511,2.601433586650003
0.5916640506026725,0.9632404092458269,-1.0,5.593092477944133
-1.0,0.6335661273500182,-1.0,19.05186774039896
-0.9520596011203313,0.11342851166181478,0.18786886922663149,-3.6580652102478655
0.5849140946423719,-0.7723138221105026,0.42964266875201185,0.06633777815935826
0.46510467866766536,-0.5568037706445041,-0.9470717120064915,-4.644110487968147
0.09105105620530907,0.2432166550654482,0.42799172922429474,0.11558300484422451
0.4083751063148746,0.4044041226286714,-1.0,-3.169091579585424
-0.2908592482625114,1.0,1.0,14.641012310034206
-0.025699753061364072,-0.17119941923204873,0.032860435051590864,1.0370581095074962
-1.0,-0.36291867656471166,0.7485077716122865,1.089972671917454
-0.606605452513137,-0.21470592535135813,0.10449235850937333,-1.3978330213959067
-0.4465985015418479,-0.5643210040799769,-0.09185240043213971,1.3413139361501334
-0.0627736719703631,-1.0,-1.0,-16.025918686230163
0.6185753074492624,-1.0,-0.5609271347067055,-4.5189042421255525
-1.0,-0.07126388885253165,0.4786860432820821,-3.4235227817400555
1.0,-1.0,-0.40792196882580845,-9.993000574913067
-0.18529480723149128,0.3649667040247049,-0.5727702687437835,-0.3417794533375563
0.0765066832066521,-0.9707410865804602,-0.7338937343155847,-3.7494494332590738
0.1616727839780101,-0.4367638708677737,-0.11335960545561474,0.8320759884787121
0.47219525128278117,0.845311226852516,0.4295378203462332,3.9697403606831436
0.0492061923777547,0.6587529602801601,-1.0,-3.3378097476903843
1.0,-0.9089241081772124,-0.06854674322118925,-2.791963953080521
-0.32234025613619544,0.6562581420598073,-0.016641388372713672,0.2098964740976791
-0.8835738793913723,0.46749479046740827,-1.0,7.8733917103891775
0.39811079040922115,0.43130509981647513,-0.37707416966449836,1.0744247547092594
0.934680606907448,-0.5373622989374376,-0.13364961254224594,2.711599617062938
-0.5864388331602397,-1.0,1.0,-1.3984341921718482
0.5085280161749419,-0.909612322133156,-0.15575898605152472,0.7938307160260776
0.5669557560487477,0.5627067440953006,0.7198237602980677,2.0284257135067536
0.8272056242576651,0.8890957966661901,0.341463534293297,6.068237598200753
-0.6464543430855263,1.0,-1.0,2.0669302815875623
-0.19019039264275994,-1.0,0.8062864723835612,-1.5497753861979098
-1.0,0.18453891122681187,0.5080747204100227,-4.75768227142695
-0.4153344172125992,0.04124539290433615,0.4819171624396943,-1.0074935545080768
-0.579393338083187,-0.46753898074790956,1.0,1.7619000004380525
0.5254294866208999,-1.0,1.0,-5.467414058057664
-0.05799995941059222,-0.040271007642009415,-0.146656064997992,0.8514949229772213
0.6649053618655336,0.040864926240455235,0.26576127910891745,1.7333213697433982
-0.9087283940450459,0.2745173159480341,0.030262110054581015,-4.538610335376276
0.8962797048494631,0.2966453888600573,0.5106062778859937,5.566974413678661
-1.0,-1.0,-0.05460719826683702,7.132811900481102
-1.0,0.6458216139461286,0.5274606021969419,-4.455785811851565
0.14293427462640884,-0.34706960078711724,-1.0,-4.347616300992556
0.008737927536128343,-0.9856495525153617,-1.0,-16.619349729770715
-0.2374530097996792,1.0,0.5804757396437092,8.32597535742441
-0.13202040263354875,-0.2904596106338826,1.0,-1.5985783541577803
0.10539445466640673,1.0,0.29120191013051855,6.9181419502456105
0.3318430141890978,-0.07557289675667911,-0.414222365385263,1.9539749576860321
1.0,-0.7650510227330689,-1.0,-5.7396417788035095
-0.6367058525588283,-1.0,1.0,-0.09024105878142291
-0.7910630473593647,0.8969645952392731,0.9587091049602592,9.948549841611136
-1.0,0.41392049602291103,0.30465056088869114,-5.028221025377676
0.4162987086868746,1.0,-0.7792015599267323,11.194493823943661
0.2838680191123737,1.0,0.027382568737759128,8.268420654908798
-1.0,-0.07499499341962479,-0.6382197243957031,-1.246268524286354
0.8009965561561199,-0.393276366897616,0.6338848255407059,2.4715482179532913
-0.5333703624092689,1.0,-0.18931578418252593,5.8481797986005795
-0.3612991589211134,-0.5235938342112298,-0.7151949981251564,0.29415121738123906
1.0,-0.2578977583754902,0.39456524206557053,5.538782786274846
-0.7447302777455354,1.0,-1.0,3.1340869800733975
-0.16359857772309216,0.40892806785034774,-0.28146783105094353,-0.5868641682455126
0.31998698952134497,-0.8311614566740624,0.2637612405529608,0.6603285726969707
-0.7354527412656464,-0.9789878716081752,0.9286053501277391,4.264861267480446
-1.0,-0.29977099987648215,1.0,5.287128343930212
-1.0,-0.71193292620248,0.9254140071325205,10.836777119434569
-0.3987801746553514,0.5152740037470147,0.2403283944016632,-1.308197066895533
0.82707106686674,-0.0456970579143301,0.14925969101875536,1.8347843585132888
0.07442124361588132,-0.4133302197396509,-1.0,-5.407094164421595
1.0,0.30633955785915834,-0.18757389296031146,4.595546216456546
-1.0,0.8203030350545422,0.4081533138955038,-2.0116679017233166
-1.0,0.15163806358153664,-1.0,13.10306557183323
0.6279848860873904,-0.531686475707599,0.025764959683817645,1.132392105513516
-0.3770155099248198,0.4925875544622893,0.6406269884419189,-0.6917903351384059
-1.0,-0.5587596066735454,-0.1914454507440677,-0.6557766386617978
0.6477517354904221,1.0,-0.6220954383578454,13.615451100553809
0.061934191056032706,-1.0,-1.0,-17.76988505199584
1.0,0.640457202215198,-1.0,14.163996290871111
-1.0,-0.2372888639688484,-0.8419746328952427,2.769154180018681
1.0,-1.0,-0.5596862878264917,-11.138270518635858
0.3936659718120803,-0.5381994657952984,0.17053522876335325,1.455591192870374
-1.0,-0.7897213230690752,-0.1083783927631845,2.290682202065947
0.9045080730724862,-1.0,0.41168330449212487,-4.732467385564285
-0.3791484254219901,1.0,0.7267830213105586,8.294239204475602
-0.9454414460092231,-0.9341598414693386,-0.5887444351941444,3.811477539099946
-0.5636473954404031,-0.3649974810100298,-0.7920240181032518,-0.5987711888156632
-0.7491917168066677,0.14826409591779877,-1.0,3.1476909953035035
1.0,-0.7380538410652255,-0.6846359131817732,2.6190745998905802
-0.028256416826180297,-1.0,-0.7976414015593827,-6.448249672961569
0.06479312167572249,0.767934320748993,-0.7438873395163637,0.959370416912879
1.0,0.08566885046277783,0.6910354191724628,8.867043333569354
0.4253898414002142,-0.9258969329192666,0.9257333244079629,-4.077806571518182
-0.9278833048475155,0.7971729176012685,1.0,10.507578390492831
0.45294605810746047,0.777210530046001,-0.062372480722804546,1.8942017473562753
-0.9143606731167708,-0.010918412017992818,-0.21558649705559652,-2.522561411219374
-0.9874829964778824,-0.4391177960118986,0.14757416187427919,-0.7468407542358501
-1.0,1.0,-0.9502655467576442,18.661154125059813
0.3804172869944502,-1.0,-0.5378635343685465,-2.6112094260604284
-1.0,1.0,-1.0,22.19675037671585
-0.6049388909108573,0.6127309042623543,0.9701276396071767,4.897948459945465
-0.2822170586622952,-0.8582370416039016,0.2529890152934915,2.0934160323927067
-0.7198933485398986,-1.0,0.718834247215151,5.061774475028819
-0.15006840170890512,0.18888717976506486,-1.0,-2.941191929318659
0.6270748364921923,1.0,0.13374271683334427,7.421068517261549
0.8821910971966704,1.0,1.0,17.7926192231824
-1.0,-0.2736340135207025,1.0,5.356202603415889
-0.15615000337318952,1.0,0.8628633354423767,11.752334575389847
-0.6861831052029248,-0.8173223270662056,1.0,3.4407559606507765
-0.7105133651107902,-0.3311405068292226,-0.2845952464400725,0.2788064118825534
1.0,0.3209890036304346,0.9613692900758577,16.625519506506357
-0.30720603913574096,-1.0,-0.5991630699485275,-1.1495341310510785
-0.24420561845928135,0.34065608363288336,1.0,3.329087529176064
0.006999252904739128,0.06711936434013532,1.0,-0.13939356887461618
0.6639706662993585,1.0,0.6723416946954963,7.647140586526438
-0.6486263740101101,0.8787691546719856,1.0,11.822355754167322
-0.04345009717550363,0.9996408421148575,0.10121287849091898,7.683279514108046
-0.1486309521693181,-0.7001235995292332,-0.7510796386971514,-0.901743067093017
0.7883462280806446,-0.8062274107916931,-1.0,-11.788585730111684
-0.29525100227714884,-0.08123344928577025,0.5087448013496154,0.07947098509446363
0.23172103453098547,-0.16814295566200887,0.15420531241916935,1.4564909937022112
-1.0,1.0,0.3042535436848681,3.7025902517005433
1.0,0.5626902719724005,1.0,23.04764398818469
-0.20923603041590733,0.5091763466591732,-0.4045870610640516,0.21336244387767528
-0.47474919952340433,-0.7539737374847315,0.7320842737734516,1.7846208198373188
0.1367266892238741,0.8072981621356805,-0.8930409855609511,0.9283760331846556
-0.10867588549734442,-0.8037162619011116,0.003861901156004155,1.3514896630051725
0.6206950810232252,-1.0,-0.25137589608969746,-2.1913268840387716
0.38458176671229705,-0.7861294153939242,-0.6500101435646539,-0.3802869111829561
1.0,0.8102059026490254,0.06645058642025581,9.465160899074618
0.26109890814639947,-1.0,1.0,-7.72869068279676
-0.7464700986372177,1.0,1.0,17.1594091133047
-1.0,-1.0,0.29607218247709,10.489571068024214
0.27027801191715906,-0.4838632176645459,1.0,-2.411210700714686
0.37837168206721006,0.07779739127612295,-0.4141229820987886,1.101114443280095
1.0,0.0010053726783227912,0.9136014559429189,10.235783260593681
1.0,1.0,-0.3041854558656192,16.747258410166445
-1.0,1.0,-0.23329813324309945,9.922627798729499
-1.0,-0.27059738240478937,0.30274706255086237,-2.6221522073825163
-1.0,0.02310025694726825,-0.7704172199825716,3.2333494977738306
1.0,-1.0,0.12728955861092262,-8.354276271195769
-0.5809501969449506,0.5847110053377129,0.1604488185363686,-2.2252883351787283
1.0,0.48169844517949856,-0.36580438708988616,5.343209784535651
-0.1422794398323115,-0.4833038973552257,0.2699744900878229,0.5168602710844259
0.9505391307036799,-0.13156196782980567,-0.22434799219404744,3.1114051254113293
-1.0,-0.9906448119797155,-1.0,2.6317115546481924
0.5348171113639635,1.0,-1.0,7.769076197498078
0.273374210482759,-0.4250546978438605,0.3705253534944142,1.232923583263355
-0.18129715966708115,-0.4708541304351799,1.0,-0.5650367665028383
-0.22044054179498063,0.7239734480298776,-0.05268960375910625,0.6024328729443713
-1.0,-1.0,0.5385810472148662,12.130199091501847
-0.24071295425525596,-0.10952405095852336,-1.0,-2.773032078901368
1.0,-0.6872650859760663,-1.0,-1.34009179732585
0.07126918605736576,-0.9146884096964745,-0.6624535453570444,-1.5052511468533285
1.0,0.4005789980428318,-1.0,12.009450813672618
1.0,-0.8102895607535607,-1.0,-8.927931900271338
0.7852374965906768,-0.8631259664488808,1.0,-4.522034488529646
-0.5551779282588878,0.6621117143510376,-1.0,-2.3775260612110634
-0.5371110053553554,-0.6419786973579689,-0.17818350651532855,1.5933329301346366
-1.0,0.3262240149435067,-0.5829078466943742,0.6172326931550259
0.5132747661202519,-0.1011663172701347,1.0,-1.5522659526863092
1.0,-0.49916819576581273,-0.7982749490076793,5.36170254247535
-0.5311075533325951,-0.13174047885614892,-1.0,-0.8668887219257152
-0.19710820758141412,-1.0,1.0,-5.864199838451122
-0.8402353112364502,0.49155933602163526,0.33294424078368023,-3.322957117827378
-0.6705081165253723,0.13207686766452564,-0.3501550376594458,-1.3756342260620857
1.0,0.48340529895654916,0.8402060847216788,16.35303388658065
0.5157907836654847,-0.7990360387793649,0.3659023610531238,0.7566163358586876
-0.7443360273154187,1.0,1.0,16.724217719436826
1.0,0.47730969163531944,-0.4419772665528279,5.16269743885478
0.11779341033631452,-0.687307082764729,0.013871692364666677,0.8985805831944778
0.177297927930816,-1.0,0.5490829124507939,0.2366134359458137
1.0,-0.8370432614170964,0.30950531251443447,-0.19382340040044502
-1.0,0.9096859961339692,-1.0,20.27156993677592
0.6594800729039667,-0.9414724384468884,1.0,-6.4337635635477195
-1.0,-0.7291461024881176,0.003036520419597011,1.7763984927230247
0.6086121616726563,0.5425790636948331,-0.0036327411093448614,1.032670551363192
-0.2362548413031169,-0.8524595355439843,1.0,-1.9333980029348177
0.4627094711836366,-0.05376656204939878,-0.6036689885211346,1.3604016527082665
-0.44096478478589174,0.431468562514447,-1.0,-3.536109094906074
0.2612948510795008,-0.8767774195985469,0.40238952106523684,0.7036686778855311
-0.4475452436409173,-0.17787783332416507,-0.2791556243157305,1.0084187652500787
-0.38996728184555485,0.07617580994362116,0.06047760985817052,-0.7356700476070432
0.9163507609429595,0.18081080942245253,0.12791604162735282,4.312516475028443
0.20647698572235496,-0.2741054714718032,1.0,-1.5084990076933356
1.0,0.6938619936929067,-1.0,15.167610447230569
0.1360627245839392,0.6452058458594043,1.0,4.395116507269028
0.517320753456054,1.0,0.87470995371649,9.537600981226857
0.1882452491488138,-1.0,0.2220096271428862,1.6189321985455536
0.28810070646896535,-1.0,-0.5865498346760714,-3.5130559522089397
0.81045151999337,-0.2401657549106888,0.9727478586748526,1.893962049556686
-1.0,1.0,-1.0,21.68542153954276
0.031016193352286336,-0.9335218249815118,0.5597050062185547,0.5046110388882329
1.0,0.054649846186987316,-0.5109101518464636,5.622854292307543
1.0,0.46513217277737584,-0.7670837359318949,7.583830874273627
-1.0,1.0,-0.9675708731244477,19.40634765845021
0.3500789059636469,-0.6817505147638088,-0.7533703463556196,-1.0449689319654414
0.014355833200860868,-0.06428196274141085,1.0,-0.5441199102197236
0.1432110933636448,0.2731568161208191,-0.39714209424166125,0.11998226471106888
1.0,-0.07030938052104907,0.6749663107678392,7.070631799835009
-0.9255988444647523,-0.08060052674675866,-0.6995832193250731,0.7130526256127927
-1.0,0.09200110494245162,0.7169633864363625,-2.5962354529837466
1.0,-0.5350157227393069,-0.16295575508124105,4.307572071776688
1.0,0.6479454257470283,0.8611733762547573,18.206016037045234
-0.3509213722716755,0.9723325288317988,1.0,13.914031698192048
1.0,-1.0,-0.9796541467954276,-27.92242681290865
-0.5568079867357663,1.0,1.0,16.21253225084455
0.5928623795333829,1.0,-0.07528236381989584,8.147212367499005
1.0,0.09834697781281143,1.0,14.06538208227908
0.37801544840691936,1.0,-0.5765387781492508,11.57885464219126
-0.16957796514618884,1.0,0.2655403067787063,6.47784202398648
-1.0,0.4920232220922729,1.0,5.230880794600117
-1.0,-1.0,-0.14288191257005578,6.851535783437981
-0.1631400167114283,-0.36493519499183025,-0.2846980494724509,1.1795219322816184
-0.3320763695042541,-1.0,-0.12230645405766083,2.908473545645006
1.0,0.3760629348587843,-0.3472058543283558,5.668960994659739
1.0,-1.0,1.0,-10.018592872058854
-0.45694155351685084,-1.0,0.03178226877027224,4.123531633256159
0.7155361450014734,0.015665761875967465,-0.3076895908672317,2.126537837916408
0.40367765502196207,0.8569602308770212,0.7685072152308576,5.513309733216723
1.0,0.18202629508498047,0.6071369271109053,8.321769733867717
0.33552945709971205,-0.04954049266606231,0.5398287161721205,0.35218029355446034
-0.9952730859095928,-0.8197510440661613,-0.5201495627665407,3.699686224459409
-0.02052357241641034,0.20769974388809676,-1.0,-2.691821887828691
0.025185255502253368,-0.2855626251788983,0.11708312929165166,1.3041486461409806
1.0,-0.1692333202410683,0.05370252024711797,5.270352375473233
0.7831123688827273,-0.2803028255694797,-0.5630192444652315,0.9078497258961166
-0.23767160855893876,0.36069464124627504,-0.724858941567244,-0.44750335244866163
-1.0,1.0,0.11912180656427318,6.483592778240836
1.0,-1.0,-0.6849849457598618,-14.034678533044548
0.836350508034486,0.005995389905417481,0.018533480885750464,2.657038927188378
-0.08182676483361973,-0.32359646014564447,0.4243670011746645,0.6105144326362602
-1.0,-0.09859106776206095,0.924160009712587,1.9873724088100397
0.5863124229554226,-0.6614671308664504,0.5141469070571842,0.1716083362187637
0.3554926686233828,1.0,0.4418479489453562,7.767510980329854
0.32853457743832815,-0.3950043350332053,-0.11632588923669784,1.2905255807742089
-0.6295868662615405,1.0,-0.11690922535052017,4.826259265915065
-0.014916315235769195,1.0,1.0,12.461746422017224
1.0,-1.0,-0.35432471397264087,-10.027304774402745
-0.8131833527432959,-0.7224044192615129,-0.2573927395369884,2.409290900595926
-0.3570260851508249,0.2730547469199447,0.9402016669568181,1.526544214231528
-0.37195326618410407,0.7226005262075144,0.647946888878359,0.8589248003397446
-0.8120963524231681,-0.35181293067907426,1.0,4.19617195861032
0.6645878496719722,-0.9958531209363042,0.8783848557050675,-3.8200450597394795
0.05422345835407194,1.0,-0.017917168975066122,7.708795121053911
-0.25706013794647364,-0.5781238355624836,-1.0,-5.252780677246415
-0.026878280724250025,-0.4617170882786241,0.7682371399444898,-0.08998719510997581
-0.338056564760465,-0.7102097141628949,0.1576756016066323,1.5316246738072676
0.487323323732042,-0.9129071055565818,-0.031132539971176376,1.1955378620585193
-1.0,-0.4884824629342661,-0.26375286815487575,-1.8214932576682998
0.38341238265290034,1.0,0.5937165124052566,7.299437502581941
0.07643817771098682,-0.7378192858179484,1.0,-3.8570063177039873
0.049578077839705914,0.9855588328460856,-0.0369234570946384,6.555644692915598
-1.0,-0.23568788874180568,0.7896527804996252,0.6309368777903623
-0.4018357831859265,0.8911886256558839,0.17016201085053284,2.3865653417057477
0.7542880906169289,-0.2613024255189067,1.0,0.4316961766231606
-0.4825277157258687,0.7593099364171529,-0.025802576536902766,-1.2727818377612832
-0.7111945808344311,0.12301913768885742,0.1889295810865017,-2.1730892419209673
-0.5755441348525692,-0.8382375621892921,0.14531415425891248,2.6082268327822447
-0.23118229612270658,1.0,-0.7945991765685803,6.473515252772379
-1.0,-0.6674521136736822,-0.616125934888101,0.6399943413229289
-1.0,0.1307629372197472,-0.5057347191401158,-1.1052145370037725
-0.02766760140195257,1.0,0.48668653939261763,7.851972937382991
0.24827330797269953,0.892695696684632,0.8761401201095969,6.582556892566093
-1.0,0.597600140132234,-0.11947235688679836,-1.8208867021188069
0.12024724364016759,1.0,0.18791588116554636,7.473639718002337
-0.7030128328403811,1.0,1.0,16.014739736167698
-0.2574788590435435,0.21996402630856005,-0.08373168787358942,-0.3738484189306285
0.45452204271933705,1.0,-0.7939081922000639,11.785042909947624
-0.1770681426136449,-1.0,0.6268210596241177,0.28185387777867504
-0.13351121895101725,0.0025574269346184675,0.47004098094278923,0.1982112449719421
-0.18668641489179771,0.8265900107431703,-0.5284216337567842,1.2151241906290275
0.11297184703386032,0.9778320199248742,0.4499031361900432,6.442184633064344
0.04956555185229816,-0.9640703395950916,1.0,-5.759079780151925
-0.9423943274907289,-0.5332532532600209,0.10423833808920269,0.18725373325560465
-0.6783841356576286,1.0,0.20344781229237419,3.666919950663765
0.743828624865692,-0.6042743110239843,0.8555963914165381,-0.12998681481894137
-1.0,0.033335662003129984,-0.8509481900462188,5.666659115919506
0.871774202430075,-0.43026210251178565,-0.3364973387827854,1.0387512488121855
-1.0,0.6713100037960629,1.0,7.390472198996343
-0.5006790517524273,0.8587614255730309,-0.3571785727825374,0.6672689254980014
-0.8309235448380228,1.0,-0.5885811541806871,4.99950208206396
0.31434785818039823,-0.6424906392906813,-0.9453723323364522,-5.28291514434454
-0.23950509239823736,0.6388474015355388,0.2577222485384272,-0.5863117948600289
-0.24355770066422333,-0.6107694498225604,-0.8005779822723202,-0.7453456864460599
-0.3263907302260616,1.0,1.0,14.81138475351092
-1.0,-0.27298483767031145,0.11393769844599722,-3.815892182803875
-0.10426527369785688,1.0,-0.17749485694194678,8.779029042984455
-0.11555266963613198,0.4210271284521099,-0.12800909051630516,-0.2937400086714893
-0.2745517859318556,1.0,-0.12254859484518676,7.459565156012673
-0.1596800521055568,0.19516655414910322,-0.24597172939974277,0.4570707034642044
0.11673754584079465,0.08563754716982985,0.22609646622295299,0.9293613785689236
-0.08037395246889067,-1.0,-1.0,-16.645460365567207
-1.0,0.9661162283005342,-0.3242684723892788,9.19426835604081
-0.701778249539613,-1.0,0.4592086698518576,6.358079661346345
-0.5102144067606333,-0.29623780826192436,-0.6326877547437675,0.8890832260707213
-0.1893683414179319,-1.0,-0.7160659577083022,-4.180206143199434
0.3943820082790619,0.5888365227738508,-0.5062414116616587,0.6929239430435573
-0.6700299042426161,0.1959192088405839,-1.0,0.8844013982126666
-0.2819330026746092,1.0,0.7040661359782339,9.055127442017046
-0.3345987496109222,0.5343419086841779,0.31867082064725083,-0.7808191197413555
0.12840922817199574,0.5184103867454466,0.267669422183912,0.9088250208656822
-1.0,-0.08649123541004244,-0.6353177714376084,-0.007166387061715795
0.15068654882457744,-0.6952097410430145,-0.6024252957593268,0.6793059875374725
-0.14597300158059068,-0.21044176521342206,0.5424255210033813,-0.11212282108988345
1.0,-0.2668249497722075,0.6063172700596384,5.886645446509807
-1.0,0.2551665507972092,-1.0,14.583918521833905
-0.10910958966275319,-0.3571062249551249,0.19005190510024206,0.5047614537051535
-0.16437680664753973,0.3179160629335305,1.0,2.5769277931932013
-1.0,-0.25318832210134445,-0.040292117204652866,-3.412702441839633
-1.0,-0.0419507858565531,-1.0,10.1145454598869
0.10011538413514365,0.284447289952968,1.0,1.0807857294501844
-0.14946673119996845,0.7278917618027851,-0.40273067804178475,0.6032560652930267
1.0,1.0,0.4295364101327588,13.94226506961923
-0.10948417718444947,1.0,-1.0,2.438159230713593
0.7360804805568997,-0.05094449264311396,-0.08984549551835541,2.588974081854543
-0.8925775007725476,-0.29221960655653967,0.7679872920405,0.5668897126697834
-0.11099294043614116,-0.3877865086421419,0.12864473008884914,0.35952404437847907
1.0,-0.5439489329663045,-0.38783622395282435,3.385653422905463
0.5584892934503385,0.6670152700069629,0.4257653553396943,1.7844759606204104
-1.0,-0.10754605072148427,-0.713861197056286,0.17406531453697735
0.24896409435767564,0.45277081058518776,-0.033236244857176134,0.8629767201596793
-0.06072957557179581,1.0,0.2751279193090077,6.95325938650951
0.4666455883326961,-0.8591749413668346,0.08504767456665929,1.0172328606844578
0.8112159820554186,-0.32976780512179715,1.0,-0.588062147152266
-0.1066702522372136,-0.05304926618280681,0.06033924643018462,0.03835500988788609
1.0,1.0,0.6967677486200234,16.223538153152255
1.0,-0.1263337578241448,-0.9866665946869049,6.83597857739606
-1.0,-1.0,0.0761767297293019,7.0521236038135555
-0.36061149716498075,0.3114799424502157,-0.3768983984954011,-0.2000168397538094
0.15754090697541412,-0.1739329076454259,0.453573809427507,-0.022724428968495247
-0.7939712297770971,-1.0,0.1785959792824232,7.0181031598023695
-0.12016995485762272,1.0,0.22639923545577267,7.497199383901698
-1.0,-0.9990766242729745,0.9786792133550881,20.80704338316153
-0.504295035090067,1.0,-0.2867740697452956,6.202150777004141
-0.24346175382279878,1.0,0.44560115652555754,8.060830812179256
0.7014543423396498,1.0,0.6385910168481801,8.009362697647006
-1.0,0.5051107916238999,0.7912100442523173,-2.5730643589805706
1.0,-0.9008807357297035,-1.0,-15.365735591547903
-0.3210683904808991,0.6349136302126475,-0.2501440260292187,-1.0081216686665098
1.0,-0.019319685331045333,0.049175224386660776,4.869801915897212
1.0,-0.30968176118071833,-0.022239393799480478,3.985126795423992
-0.16343231298367566,0.3384663701025026,1.0,2.1137530083213
0.8587394308119982,-0.08568027345341322,-0.07683108241460279,2.980928712873559
-0.4033098241791777,0.7414104829082107,0.9213883783962342,5.048334219061491
0.017596987676176346,-1.0,0.6674459708492166,0.0003386715232604476
0.4528205349940244,0.6717005039924446,-0.08582175920586699,1.779717658858908
-1.0,-0.42568236036729523,-0.08042949934736221,-2.0172133719425305
-0.796370372356247,-0.8416937947238223,0.26654862721876005,5.383452535273376
1.0,-0.06211323752087883,-0.10700090931933581,5.1868355630619485
0.4835083505475142,1.0,-1.0,6.465576748882947
-0.19289818031039485,0.3880625601699006,-0.8137967492818634,-1.0034195600520195
0.9097622897243012,0.9592111127740204,-1.0,21.873796732906705
-0.8803806996981947,0.6830895404290305,-0.53857673530321,0.18650441640498072
0.12587298052109963,0.06247124771392709,-0.5527768309012104,1.2449057226168811
-0.9871920183225746,0.26182823095334706,0.017586085004271723,-4.555891527806777
-0.22680826469688498,1.0,-0.4666761538176807,8.47545570471629
1.0,0.21662084012539196,-1.0,9.494341564093173
0.7765032471654809,-0.14137720882202376,-1.0,-1.9466624453491972
0.5915415400180382,-0.7497909185004725,0.46898171734825245,0.5816195053015715
-0.9863968899377895,-0.5667914784376551,-0.3320176276445961,-0.3932428469882443
-1.0,-0.720360593771433,0.543987402912137,4.7339556458983045
-1.0,0.13520597907630738,-0.9818444897903633,11.845438471453864
-0.07936010956372108,-1.0,0.722145510569121,-0.11911711627755561
0.6443102154590865,1.0,-0.19112493406938413,9.373541639273476
-0.01528839777402391,0.9365111561787323,-0.08546060559030355,5.5448361161466755
-0.39851213218482484,0.1937265227131839,0.7696191814263356,-0.17490203871884807
1.0,-1.0,0.26637840298793036,-7.559787526481155
1.0,-1.0,0.45876493747527713,-7.240450716658756
1.0,1.0,1.0,26.25710079790449
0.8601442460172499,1.0,-0.3478055845819925,13.966873219769315
-0.8440437845483209,-0.1151834972059933,-0.1684475132982184,-1.143672333200359
0.3851526486375907,0.29909082900800454,-0.2635888481162254,1.0259471180107682
0.35451897292538637,-0.12855060252751005,0.9542521912201578,-0.9144176912724429
-0.11373269243399098,-0.6926430523317042,-0.4663659206200901,1.2675605149994569
-0.3094984974234174,0.406774894504234,0.6168589924220611,-0.317771040813125
0.7651729335704245,-1.0,-0.689689398349616,-10.250145584179435
-0.4795550062521743,-0.02086161100088879,1.0,0.8730328555009575
-0.960490005097214,-0.8626917724565064,-0.6432206340046331,3.06271321443285
1.0,-1.0,0.06737041300927094,-8.766050524319603
0.8633285156914527,1.0,-0.15540389447975955,10.861945551050793
-0.5879591670918749,-0.5452898996619133,0.27404151171083946,0.49544293821866975
-1.0,0.5335705906480039,-0.19576007258503614,-1.8106551764605694
0.7727774253412607,-0.18920414146495612,0.6350341381384539,1.8109722490596094
0.8602952750496988,-1.0,-0.211782412418015,-5.804858857546479
1.0,1.0,-0.41076013231588027,18.135358442906377
-1.0,-0.2964941308596818,-1.0,7.843767265182287
-0.7382727219415472,0.3941641197204835,-1.0,2.0910656839990973
-1.0,1.0,-0.3724815950934166,11.650768597505113
-0.5853157798512225,-0.26115207815334673,1.0,2.3409869340008505
-0.11505065374308487,-1.0,-1.0,-16.3525210478859
-0.024841002671553536,0.3358112235450277,-0.3893725593524484,0.17921713967498587
0.22395227949618612,0.08281232902823454,0.2385576817917714,0.885185967322048
-0.1029505013466736,-0.5762886044308473,0.10240475637654334,0.049987490527166
0.9504538523550017,0.2220946465528082,-0.7930244541583316,5.078392570799837
-1.0,-0.1866210196202227,0.5862128852430564,-2.1252175424640654
-5.284009584638483e-05,-0.8130725125861717,0.7885223147211988,-0.5339920805927709
-0.5847803076326097,1.0,0.8308068713739258,9.862453585875496
-0.3782534818002736,-0.5460454724744541,-0.1269062247545043,0.35046746791063355
-0.716470023660152,-0.9992485233639155,0.9635725798334545,3.357057606269572
1.0,-1.0,-0.28425598097208593,-9.52209188449219
0.13510474246711435,-0.15022625986111948,0.9480560596387455,-1.089356950970519
1.0,-0.16127477190162964,1.0,8.807264071083516
0.3514483012242702,-0.28276499104251585,0.957942761318251,-1.5119849027125174
0.17862388949930086,0.6086516352727915,0.35808066871183186,0.8870010608463199
-1.0,0.034664365437456546,-0.6787832597824299,-0.1948675586808819
1.0,-0.5183497551609646,-0.013080585300822012,2.9304866626627244
-0.1846397581573871,-0.30699399045749454,0.9369879560529486,-0.47032536021494653
-0.5311285143044535,-0.8252810705009519,0.2242306423304261,1.9908902921532423
-1.0,1.0,-0.6360949616046612,12.507954211510793
0.43387522337431683,0.7076053517841479,-0.38310842215841356,1.7500712332286783
1.0,-1.0,-0.1048159335995702,-8.441044104089062
1.0,-0.11136785856143616,0.856751371244016,7.797092924529844
-1.0,0.39723353865798083,-0.24268574170238932,-2.161011394904238
-0.6514226064187878,-1.0,-0.0011462747637935866,5.572858307821328
-0.1886679932883477,0.29893592486439124,1.0,1.3402709741484968
0.21379524493046387,0.6576964008640405,-1.0,-4.387051416210422
1.0,0.9429688378251067,0.9473619142342367,24.361676567730502
-0.7502472755818574,0.2780885924408423,-0.7986540586212525,0.7121836076789859
-0.500813653967118,0.5462000393299684,-0.09453964395542314,-1.3775926513832633
0.1915475602916077,0.47629032968689944,0.8646322652436733,0.5996272309428777
-0.5800877138827425,-1.0,1.0,-2.1333555108487685
-1.0,0.09610471816148136,-0.7601523108986628,1.9603399022475514
0.34463626454421825,0.49133274328209375,0.9462035087540863,1.5577513859667875
-0.4716834317727059,0.18019261978961332,0.08257928506048184,-0.12016806386503243
0.036420757574813,-0.1359411214454862,-0.060950889005687126,0.8145424034470784
-0.24027014042562866,0.6610145652947943,-0.06146358208977398,-0.1057097583243908
1.0,0.5205749414502929,0.9456273623196063,20.35574253807504
1.0,0.2556045831984166,-0.9790681560122305,10.565558259573974
1.0,0.7565743173133181,-1.0,17.377749191216925
-0.02934457400920376,-0.5803104275264317,0.16038666563290072,1.129038186162454
-0.3679758120686225,-0.2864279580732809,-1.0,-2.9289980009259406
-0.6494522455797527,-0.21327912833753815,0.4239796947068548,0.1265288755301867
0.4837995728525406,-1.0,-0.3900870674168848,-1.7425402008316238
-0.14030049841285552,1.0,0.6614236566882785,8.570722207515631
0.3448282984701261,0.0004839412898889339,0.5253348184223559,0.505085681248818
-0.9655735947586925,1.0,1.0,16.388104508797298
1.0,-1.0,0.416569032670175,-6.954355822083247
-0.7254982015585199,1.0,-0.6860802569211659,3.730037916814081
0.3849818492593151,-0.25953502804712425,-0.29685098310612834,0.9128068115472789
0.513504855909322,-0.22787793407029877,0.8834169062814092,-0.4521834012316965
-0.45290237030898006,-0.24777208248398042,-0.23584497502655966,0.2708566460556921
0.06789456715004238,1.0,0.11653687778951682,7.308472834129853
0.9187324775782699,0.5818582337163849,-0.020959700695853067,4.236860563165009
-0.2732101390998736,0.18315181975544048,0.4011448224481675,0.1780889160954735
1.0,0.5165461886248384,-0.5940844924892172,5.243904127420633
0.10012907373030999,-0.5170035146968417,0.395549128729336,0.8348168753890577
-1.0,0.35789075219006006,0.9644104683530617,1.7531028147383496
-0.0469636744219355,-0.4691547912264382,-1.0,-5.509719668839705
0.6318154761812131,-0.6294771555195964,1.0,-3.0150965770987783
0.19298070259595623,-1.0,-0.6162623733671491,-2.544372907438804
-0.916910673833665,-1.0,0.5488503774995537,10.613962560270249
0.01844012692434016,0.8990143595326794,-0.8155428142773633,3.674161975048344
-0.3052587923347314,0.6315610606574626,0.24830029912519325,-0.7430899906314159
0.6136092528413211,0.3520265512543934,0.7156332426376746,2.45118783738833
-0.5139387009288812,-1.0,-0.9497646512662701,-8.715581908313993
0.7591773533373234,-0.0711815136830074,-0.7790497521176203,2.0924990338795366
-0.5732672727919152,0.30108872387929764,-1.0,-0.7560401705264207
0.20041186773115927,-0.1854492762737745,-0.35956304145310836,1.2850812718854494
-0.6369893591234554,-0.9565810556358907,0.951672026077991,1.0509146403005056
0.22392203973443126,0.8312852930418113,0.023807064297653335,3.3500226772776296
0.6602898533358663,0.6807237826366446,-0.860321528415096,0.8826514706710613
1.0,-0.18886980152390742,-0.3533134235306252,4.381545540270625
0.9473733770920734,-1.0,0.39536716029542807,-5.628076404466181
1.0,-1.0,-0.25450233161112834,-8.802955698603423
-1.0,0.23748944423620433,-0.07146607726927257,-4.462394465757535
-0.04564538093794113,-0.6405629469896614,0.8830051158720564,-0.23125304429867888
0.10791421082990227,0.17180772155504553,-0.7951283758348697,0.5227147964961081
-0.1304601050223766,0.26386815567804534,-0.8367362060528571,-0.5650731399355278
0.8255972286477238,1.0,1.0,17.021965919770885
0.018080185636202284,-0.9252401117006079,-0.2808945780469747,1.8963576773380963
0.11938929468298243,-1.0,1.0,-6.898107839102736
0.062109144648403,-0.6635552387248826,1.0,-2.3925811134847668
-0.8954545599524921,-1.0,-1.0,-0.5511327429648752
0.3579252495933538,-0.23433210154875073,-1.0,-3.3154599600679715
-0.1464960288866055,0.003674779379201798,0.5054046712787532,0.5185160286729164
0.6391477351755697,-0.2592924110234951,0.43272043876488087,1.3824873246652019
-1.0,0.9754732700596678,1.0,15.921135177436275
0.5853553428346352,-1.0,-0.7662365096304287,-9.420077508080205
1.0,0.5087780294144839,-0.333159032880894,5.339888883357966
0.5767728689473266,-0.24687030158005907,-0.4975614923666347,0.7382887358520857
-0.22681310026587842,0.4553140560131381,-0.005542730233595972,-0.9310325076926478
-1.0,0.4374414649838134,-1.0,17.326311093477155
-0.27112429774598334,-0.010962938783723342,-0.39502324561747515,-0.04841816332154514
-0.6687844682991637,-0.03281213116345216,0.7317442839628217,-0.6738648458869817
0.17706512261778418,-0.4293120173233387,0.025741353422510826,0.9887031041203128
-1.0,-0.5725345504321333,1.0,10.752678788802552
0.9190533652419426,-0.7126942836547128,0.04260819053303355,1.1400881392153939
0.516436560061184,-1.0,-0.8495756566966199,-12.877621635885633
-0.9557026287772956,0.2354429002083953,0.9252545022544696,-0.2785943559480898
0.7973143042979043,1.0,0.2847051572217101,7.954875524257469
-0.6150236257089983,0.04667715575095133,1.0,2.0425139448256386
-0.20537585567734729,-0.8024339334476049,1.0,-2.5932967630560393
0.36231210724629315,-0.15143608886306148,0.3487653329169669,1.1945741177059053
-0.9656511718456369,0.12000485869493138,-0.07677438999777508,-4.201304938456272
0.8904420027132798,1.0,0.4498880981203006,10.035880680177101
-0.2117868242942489,-0.9462376063382714,-1.0,-12.244377444671732
0.1727802505772289,0.5521073892215707,0.7341500061573996,1.7393295083008162
-1.0,-0.48532262781251245,1.0,8.632718832574055
-1.0,0.06248581541808007,-0.3072719769557217,-3.46698629107146
-0.20280371978699452,-0.05508732557070961,0.6650766669320052,-0.2000904293272266
-0.7468277950213988,1.0,-1.0,1.9884612718755945
-0.49384346090580844,0.43884939872254436,1.0,3.5662230675246827
0.8689423512433418,0.060783475919563124,1.0,6.94167545363665
-0.9621617891278909,-0.24112769095230813,0.13479122091007434,-3.310106893158901
-0.7595653139331957,-0.5541152070280011,0.3602048822522428,1.096765562818955
0.4792420089960212,0.23861735021434516,0.16616030587001496,0.9898818988953332
-1.0,0.09263589485189971,-0.40829797375304233,-2.1356608342426906
0.033877377059269076,0.5107850830910687,-0.6576894399782591,0.676390567775055
-0.07647393312527506,-0.9853404738189842,0.1090459488387654,2.0231885814158304
-0.20202448974473186,0.6018950642491565,0.029946165799206836,-0.1991218371318685
-0.030682745238055364,0.31151631869910545,0.7279164314856597,0.2808978529568444
1.0,0.4223444407333208,0.36599425628648485,8.184150639781256
0.060546009618081875,0.18004722090323422,-1.0,-3.021127325838855
0.4999396991049794,-1.0,-0.5308715031454867,-2.33199622519347
0.06798037815559854,0.4790600568461836,0.14731776806689867,0.6072020365176065
0.34812462024591917,0.6577045817284737,-0.23921116066369308,1.2506249769581848
1.0,-1.0,0.1857076343111974,-7.294672346362309
0.6927191937484682,0.8560520862729233,0.09879490452254491,3.298725226421861
0.05508065998551093,-0.3235241460138223,-0.5828851019833909,0.685187737873245
0.9723676510067962,-0.28129745783653437,0.5003022575907661,4.940746764403558
1.0,0.08680839601892831,0.00309737906307328,4.980943738916138
0.14357692789876442,0.36608324005731796,1.0,1.7161859166965128
-0.7670584773510636,-0.36274316748923985,-1.0,2.7734256563623934
1.0,0.21913016244222638,0.5231763361659201,8.466706701693422
-1.0,-0.22924394128364,1.0,5.154834002811015
0.37323842902873294,0.3266017846143441,-1.0,-3.3610159989457977
0.4894506013979325,-0.4200272706956998,-0.13835022584810153,1.3492980112467592
-0.3664176501487184,-0.757737619116855,-1.0,-6.394393974217984
-0.4214181156733272,-0.7610584881642681,-1.0,-6.130794629765281
0.14538386212513887,0.9741518319811799,0.7540726938060744,7.724166363028634
1.0,-0.6221890719626375,0.20222272177088363,4.272394145595147
-0.23361901000595853,0.14013667692116427,0.7478828223369449,-0.2641118579624492
-0.6841786990249314,-1.0,-0.0006611667497951057,5.343633261907369
0.4922492190398853,-0.8494544745583743,-0.23717702309713462,1.6213275510417597
0.6736421071054461,0.6535614188900882,-0.19636836142311975,2.6474451248365427
-0.7591350258913006,-1.0,-0.3145995451384689,4.717510002114985
0.200508012659242,-0.7843157877439799,-0.29893868805725954,2.02055427411173
1.0,-0.12707907796047957,1.0,11.065263999464197
-0.666282124473542,0.2126563589758439,-0.3730083522484575,-1.0177207582825645
-0.6964314749682297,-1.0,1.0,1.6275595516926227
-0.2622833854393041,-0.28762018667729183,0.17293631337114235,0.4408457964792639
0.6940577404627783,0.03535931760286948,0.24611379895747687,1.6038632598515727
-0.6871249323136901,0.09033863766929362,-0.42713388848052447,-0.33527698408518664
0.32094758384173394,-0.40709242700973824,-1.0,-5.2882943872783335
-0.42500368838839386,0.4841778337129736,0.42326305285387966,-0.743098547893053
-0.34739613450147,-0.53554303227826,0.3051281555985139,0.5254250335317505
-0.6843810234136696,-0.3224475187398834,-0.7277274009180652,0.6349125233480206
1.0,0.5159405904287244,0.5315495762555045,9.768038331019149
0.5919576341099466,0.9007161417348586,0.20645142518099702,4.213087179469104
-0.14642417832968135,1.0,-0.2527707403779742,9.013159365877694
0.35095002304037437,-0.03506565978903331,1.0,-1.6585567639624486
-0.8734306639047194,-1.0,0.7018670605193649,9.103481529959385
0.12725130116445027,0.9725016536745148,0.6960878515441971,7.09216687671651
0.25338306086776763,-1.0,-1.0,-19.28079358134346
0.5787741904299786,-0.03400939513610712,0.028200667312551442,0.9136009350000622
0.9857604080080551,-0.4528964624592917,0.6599566135771637,4.360339276327857
1.0,-0.5489490508893875,-0.2077566439752987,3.7332914075242996
1.0,0.2896504534703699,-0.23682406654686683,4.599860622559269
-1.0,0.15069025748836196,-1.0,13.027910324828834
-1.0,-0.26654476362751445,-0.5900267864198312,-1.566268667182016
-0.622559252985164,0.6141314233594073,0.5935562277993229,-0.8851682741902351
-0.6286682875857668,1.0,-0.3064666346841636,4.800221358723563
-0.6246564388018248,-0.9903698346317376,1.0,-0.2864794906327731
1.0,0.6609065057139882,-0.5728649172866866,6.537790910345416
1.0,0.29790414105728313,0.6481230844571746,9.694437127934963
0.8150152098176144,-0.6598947780708355,0.028470119057787846,0.5078611649780559
-0.13839201137394985,0.8483085673679676,-0.14131359744538918,2.476489626857779
1.0,1.0,0.09014798360479293,13.209219121573465
-0.05682086154085142,-0.32887876176936737,0.39579934779704073,-0.0060000052003584825
-1.0,-0.7955156791373084,-0.6951631563289145,2.144791143989959
-1.0,-1.0,-1.0,3.3698913681763485
1.0,-0.6234949303838495,-1.0,-1.4965694457667174
1.0,0.9694070214007866,-1.0,34.0881462592859
0.616680323856097,-0.7062203705814105,-0.6120182284805331,-0.25042137501600614
0.19572681220572208,0.7093309963779957,-0.3163481140819828,1.0522682767607652
-0.945758452597449,-0.8011332261187281,-0.13126592933615777,4.067615837465008
-0.8625675605815597,1.0,1.0,16.17576819442562
-0.9403613255715704,-0.8841820056519245,0.20509285210385375,6.0549770267861796
-0.6496108347171612,-0.1176438638152566,0.8264458929294891,0.5379330120569665
-1.0,-0.7283875546140401,1.0,14.684681520728669
-0.20746594581280187,-0.13621707899503344,-0.5418763025900304,0.48142191095554077
-0.24281094500104428,0.9535959152737254,-1.0,-0.015976294355904586
0.07213641349782463,-1.0,0.2508057279822997,2.3108232373808186
1.0,-0.48470593544095086,0.1474133763075054,4.480246525042583
-1.0,-0.04804363915526788,-1.0,10.08341761517944
0.24664276837349952,-0.6694250730021591,1.0,-2.850646562058595
-1.0,0.12317666767818714,-0.2295682904075973,-3.116099177370599
1.0,-0.546349848373455,0.4080719522471796,3.525387666114204
0.3870100387961981,-1.0,-1.0,-20.16041175784451
0.8028243668108652,0.14493549300795983,0.9534018660261112,5.478506569899207
-0.18140251260603502,-0.10288098590519978,0.44678700411775485,0.0433592935263547
1.0,-0.910974965985625,0.04843638390138505,-3.1470688538119234
-1.0,0.01302901610572027,-0.9775635061660835,9.41576415890076
-0.2010747061309739,0.2000672733381672,0.680827807442093,0.5050338267827486
-1.0,-0.6501582930067391,0.6792196289972663,4.9223547256414255
1.0,-1.0,1.0,-9.65232832014036
0.5789774870414337,-0.12557631599226426,0.04139615461647095,0.9937261218966407
-0.19868124810992538,0.33933677149395614,-0.4254972504800274,-0.4970713436169257
0.14190757377141106,0.46299112715398727,1.0,2.229879944602226
0.023634320927762742,0.7316171718884668,-0.19971099701819273,1.8428450743307474
-1.0,0.4015711724916733,-0.7448797453645057,4.385943516089951
-1.0,-0.34294303515804536,1.0,6.71142397469124
1.0,-1.0,-1.0,-29.303984884241018
0.959942513252207,-1.0,-1.0,-29.947098943726502
0.7159196670038954,-0.3074907136675238,-0.26431828886969666,1.5681569065139858
-1.0,0.6969693143011286,-0.6408484353924964,4.976566847977592
-0.11286882024961353,-0.5024709013210089,-0.909978399401985,-2.3728359203630096
0.5280070130778987,-0.5819052212696068,0.4755070046340306,1.1801131799735087
0.2832495101433674,0.5307738525497059,0.3913466707138731,1.6661384454071206
0.47410141865408173,-0.17320876442373478,0.3920492657699386,1.4449882074983105
0.7248107912493991,-0.915980603095929,1.0,-5.36875633316013
0.08887685449560845,0.3295015525954821,-0.9102105656207693,-2.212967922796142
-0.9964770570569979,-1.0,0.07807266553086367,8.065409702042361
-0.12040122726610125,0.05217005243145012,-0.07972023007397522,-0.46435274784724184
0.0018469181053308859,-0.37896276901651293,0.3481767343083799,1.3507055182863472
0.7188337773341262,0.9173571874648083,-0.7079889958474028,7.988049179051231
1.0,-0.3958127481459284,0.42433474644794056,4.48424195678929
-1.0,-1.0,-0.07098927882865214,7.099348535816536
0.7671087420040164,0.016855504427998325,0.2344273080898005,2.582563394781057
-0.17015670496457913,-0.9090739382788664,-0.7986620916558189,-3.710000313760061
-1.0,0.24142172111777693,-0.09534306566509154,-4.056620149308822
0.8364337432517346,1.0,1.0,15.994196191657387
1.0,-0.10045834723901259,0.616623270025209,7.010309404303302
-0.42091797147608023,-0.4078437838793636,0.7618289791711872,0.9509969668494058
-0.49399357712923697,-0.5219479737695052,0.9875375314285886,0.5972683697549003
0.8542240243742267,-0.4680120552991349,1.0,0.3001990901013126
-0.1408379305468832,0.1235448004558446,-0.637054881788953,0.5871214334909495
-1.0,0.3993870715831822,1.0,4.2769809354321
-1.0,0.3482048479272697,0.159345994089217,-4.781357852632698
0.9072389072056093,-0.111402530307116,-0.41397860448892954,2.672931610626912
0.829032004702225,0.260948710776957,0.7984355746805296,5.150498580509239
0.047967834954210975,-1.0,0.12314434469584823,1.7529655293096773
-0.6005188676894915,1.0,0.4929203442427623,5.376666940793522
-0.8304281767268029,-0.11883208701065051,1.0,3.5493234473959694
-1.0,-0.6133996166143909,0.1826552134535493,0.3233750475358429
-0.4638061105425082,0.042078768257311605,-1.0,-1.3712696289281454
-1.0,-1.0,-0.032196819243051955,7.628672900839168
-0.9072061425927056,0.14440933585513305,-0.21779332885446356,-2.838299386148463
-0.4261884984522599,-0.7268773243830091,-0.39666345969741656,1.3484444077075735
-0.500287769611093,0.806039899925131,-1.0,-3.919307383291243
-0.45986045921325736,-0.029414662750191445,-0.32209257728096796,0.1733265504448635
-0.6408974165958854,-1.0,0.49042225354858493,5.007681814798156
0.20785287999960778,-0.47831047846332364,1.0,-2.678458429766592
-1.0,1.0,-0.0042147394733340615,7.4977305515131185
-0.9932176371482369,-0.522013489515124,-1.0,5.836046322224821
-0.03612107652737895,-0.8646314708511829,1.0,-3.5841125245827725
0.760558811224952,0.13125199718011915,1.0,4.454526241756343
-0.11183546365033936,0.05742272501315138,-0.6777014113277171,-0.21770346106283484
-1.0,-1.0,0.1846305972778326,8.545600172819181
-1.0,0.47303901115017544,-0.5846571032868326,1.4293663781036936
-0.4640210056810128,0.11941813671566992,-0.5150003609542315,-0.8202561830918474
1.0,0.7616440281846162,-1.0,17.8425749228475
1.0,-0.7905249873956361,1.0,-0.2066488803306994
-0.7568479725829818,0.0408925620408076,-0.40204449539241294,-1.048087880600844
-0.22625749130182782,0.38946332109205883,-0.8204209625153596,-1.6553782786632973
-1.0,-0.5505676693990464,-0.5757935784990502,0.369807916462924
-0.9668576759048173,-0.12569681646324238,0.08566350660573696,-4.215131842777875
-1.0,0.17128075227319317,-0.9056726405127387,7.845631862543626
0.5989095240612565,-0.9110588245593687,0.8082723491022736,-1.2043475703409205
-1.0,0.8670030360408363,-0.04917666433389378,3.3143041127119264
-0.34802551483470845,0.08502353094496584,0.5188474558994995,-0.007465436837399586
-0.7539177145699583,-0.3292356520731592,0.034382618480209626,-0.14526753778547855
-0.19784023676344775,0.5124009968001522,-1.0,-4.695444467741733
0.36957434763844743,-0.7672981862614459,1.0,-3.3669437339992987
1.0,0.07435468408799717,-0.8572639760715566,9.348001760546438
-1.0,0.8536781501823911,-1.0,19.99067958632508
-1.0,0.8979082724177629,0.18111163520518536,2.4110078538926363
0.5569756040877931,0.1322513684609612,-0.2915799343842411,2.4178918263163194
-0.22081692290873645,-0.21360797953893607,0.5820244215441046,0.13141395411577406
1.0,0.8469774766523448,-0.10198007016390132,9.371972484866392
1.0,1.0,-0.35493586853359527,17.223686734068135
-0.9329233714705532,-1.0,-0.9569423492781968,0.6987658408835489
0.5629241799514384,0.705544130542958,0.0909210776568703,1.8507807912871348
1.0,0.2631649823978861,-0.07458907913249058,4.402316804667244
-1.0,-1.0,0.8879353502811587,18.33277762519483
-0.9728893643802199,-0.32632322251092294,-0.999558020275124,5.827525521386294
0.6883784273564573,0.07040006899980678,0.43356978054604167,1.7996126758949167
-0.9380893872576344,-0.27670973908665175,-0.5924170913308726,0.29721713158285795
-0.40154736347164155,-0.8505525549080009,-0.4084343338443017,2.0816830818519283
-0.1804641973315546,-0.8209475167886424,0.270678802703042,0.488849987298293
-0.6868667801101156,-0.09257739718927982,1.0,1.6605025185170113
-0.048749310690574754,1.0,1.0,12.750065383671785
-1.0,-0.8697278975212159,0.7309426188645833,11.643153543860235
-0.8449641219126449,0.2459625972238022,-0.13820887906697665,-2.931233295818816
0.19673946658485209,0.4467621836031135,1.0,2.870663633872531
-0.006821200528532856,0.36100337301052443,0.18191240394228902,-0.07202198747748415
0.9123872099007893,-0.6743455226777355,-0.12077802663712878,2.1262951186803556
0.28075805646641827,1.0,0.7736610393347305,8.877055946479336
1.0,-0.7845359753754542,-0.813332867421573,0.650886410644393
0.23292284461926083,0.551381706376205,-1.0,-3.11872094137918
-1.0,0.49121562284147924,0.9510206221798052,3.0088507893521435
0.5211017060549237,-0.6778623135798278,1.0,-3.4202518529554293
1.0,0.046163784042903666,-0.6315852011327339,6.550348419637353
-0.64332716836885,0.2963771984229875,-1.0,-0.33231522485731746
-0.04219458561151357,0.5362855413695822,-0.4630591588212001,0.3161061883612696
0.11761857664463093,0.28644200712065904,-1.0,-3.685367544151876
-0.3947968741309609,-0.21996929549382682,-0.013861244134766082,-0.5840121272694517
0.18392347229550388,1.0,1.0,11.523661873356675
-0.009825434827105184,-0.23336273702259613,-1.0,-3.4429509281631763
-0.19053314782386366,1.0,0.012594698498059831,6.922189441517868
-1.0,-0.4200003379452142,-0.024719438567648133,-2.4424664934803832
-0.17017803482630267,0.46438104925701085,-0.06638501114063744,-0.1568184020815114
0.8779116039041164,0.5286524993444337,1.0,13.852308909920955
0.1383730772500904,0.15821146745808456,-0.1859334692929322,0.5188855677238218
-0.5833897142119653,0.30954946522608795,-0.3632273881430159,-0.9530947596805497
1.0,0.2791730679293145,0.523541438179405,8.440962907783131
-0.07187485590253462,0.6021004705192678,-1.0,-4.133180532430248
0.17192214189256472,-0.40426141151340866,1.0,-1.8083997037428903
0.29394852127490934,-1.0,-0.6656945210947345,-4.738294368288304
0.5379984305633787,0.8020376762376416,0.035571845896411824,2.424616135545768
0.02715007637585276,-1.0,-0.231761527296793,1.7823524469541638
0.0007309044282441945,-1.0,-0.11037974293910291,3.1891130087265567
1.0,-0.7775909702842401,-0.8012647424690778,0.6785048712211359
0.20420930964672435,0.6948512618803964,-0.48762400996129296,1.1956045373650255
0.9706122408271687,-0.35006567049348014,0.1788817309771198,4.4559790676887445
1.0,-0.21725489707175671,0.08696095961608186,5.097647597459633
-0.18260096585999874,0.6124308546701838,1.0,5.56709018112252
-0.11379759379531484,0.1528546481547266,-1.0,-2.570248730095204
0.3797497959434697,-0.4596582756744294,1.0,-2.492285010768634
-0.15120034500246016,1.0,-1.0,2.9987576762925308
-0.8414399663793082,0.6966942390369002,-0.9587267618688511,3.3143787500437094
-0.0146894497606318,-0.6831461393966165,0.7639327338071145,0.09752477038655621
-0.6421610500004109,0.7841106041315269,-0.6898637735933713,-2.1486228585240426
-0.7251213384720794,1.0,0.36588203506178374,3.3138615246065077
1.0,0.9975637817797514,-0.6567070710984404,24.608183973908833
0.07939500003528033,0.7451788016110525,-0.1669876842557516,1.6158849442480059
1.0,0.7635251684376165,-0.8491051240127432,13.22814783241825
0.30028375119901685,0.3067176400195113,-0.8078805789144134,-0.3201799469005186
-0.9461805511454029,0.16032938361172278,-0.5743345253653951,-0.7519317487410497
1.0,-0.9042843696646445,-0.9355720609758631,-10.622997040298191
-0.8053372878141019,0.40125731403179277,0.02007175917267756,-2.6986874126371037
-0.8994811852204794,-1.0,0.6054433558939996,11.019239816548431
-1.0,-0.1587326896161001,0.9062069276020215,2.033813624213759
-0.2645113957895098,0.748383180964797,-0.6839037432626096,0.35448664809546493
-0.6146050329402208,-0.7420272190651447,0.47341959026780067,1.8541681691751282
-0.9184164973564133,1.0,0.8752297537719551,6.94823748202889
1.0,-0.9346481923029424,-0.754467506798552,-7.202019215479459
0.5339760494629011,1.0,-0.08444868561066943,8.059576683954507
-0.9071725426559656,0.29312540637563234,0.7361339281973058,-2.2444937881991582
0.7725361938582467,-0.2582641841669724,-0.11441641762670351,2.1506047980825
-0.9730070709278142,0.8026579085358145,-0.4099790474639162,2.4529391375698824
1.0,1.0,-1.0,39.451065972112985
-0.1280530987020725,0.12482692933403983,-0.47726912245820263,0.918337811016588
0.37619854656232343,1.0,-0.4820084078017619,10.022487819486184
-1.0,-1.0,-0.05844427875305258,7.0562513312246535
-0.007884394167481545,-0.42444912096639364,-0.8534001271410754,-1.0089639823493335
-1.0,1.0,0.5661363762732092,1.1759473914884877
0.11498480560303559,0.31403390264619,-0.6803255135098105,0.06785718844125599
-0.6314622234717759,-0.7444763239963441,0.2665017225096933,1.8084212493072105
-0.33526275798760996,-0.27219283654688464,0.23289851900137215,0.26888191960657026
-0.14657748490974942,-0.6990399862841896,1.0,-1.126142182116575
0.3287207135241792,1.0,-0.11752104702786759,8.988473242736083
-0.1002309140963733,-0.7936208012308399,0.44162912169766133,0.7379405130595443
-0.0942237865755271,1.0,0.07099087309775176,8.383739144845103
0.06632153639969207,0.239024843366072,-0.7317264026678698,-0.22600907467827286
0.19849835867937582,-0.017681943288226254,-0.18535379066281532,1.3901756827211231
-0.003523098081054332,-0.7745924916351192,-0.02225657312540874,1.2856865786812541
0.3278035191762232,-1.0,-0.10447670733935754,0.7288153617478678
-0.7115043745682461,-0.7467824800254599,-0.8657815656114181,-0.33655789360598054
-0.36883256128657527,1.0,0.9147106788321644,11.291088489955468
-1.0,0.8014041207330593,0.8800669936352119,3.0529212183711154
0.9547646103815322,1.0,-0.8064182745795978,27.183718398213284
-0.9084759066588344,1.0,-0.6932522587950418,6.7669751299855365
0.12819821290844224,1.0,0.7936438698139725,9.156191670303201
-1.0,1.0,0.35644226280526903,3.292293943154495
-0.6505577904603215,-0.12698871767762365,0.945575714083992,1.5790307745256729
-0.2649736065202666,0.8955091704618541,-0.5923533724813832,3.274179377540136
0.4521342625042204,0.015305695263010177,-0.7268248106703963,1.3659654684199403
-0.4914054096576026,-1.0,1.0,-2.6121914106178252
-0.0714940845883334,-0.8348704496593453,-0.10605358175304458,1.8406336192437158
0.342496917511639,-0.41850748091364376,-0.07022708691129065,1.5433365007577482
-0.1390389771370646,-0.6996880683732687,1.0,-1.9388239046186033
-0.23312104826183666,0.7177588312847027,1.0,7.187159185181414
-1.0,0.43406087666594284,-1.0,16.40637712060263
-1.0,0.8741049428532228,0.27308354936359014,0.2629208708491294
-0.036598487863721774,0.10547357287571613,-0.13706747586426382,-0.381101792514586
